<?xml version="1.0" encoding="UTF-8"?>
<!DOCTYPE mapper
PUBLIC "-//mybatis.org//DTD Mapper 3.0//EN"
"http://mybatis.org/dtd/mybatis-3-mapper.dtd" >
<mapper namespace="www.silver.dao.IF_BoardDao">
    <!--  dao와 매핑은 namespace, id, parameterType을 맞춘다 -->
	<!--  parameterType은 쿼리문의 ?부분의 정보 -->
	<insert id="inin" parameterType="www.silver.vo.BoardVO">
		insert into kboard values (#{type},#{username},
		#{pass},#{title},#{content},#{viewmember},sysdate, kboard_seq.nextval)
	</insert>	
	<select id="selectall" 
	resultType="www.silver.vo.BoardVO">
		select t.* from (select sub.*, rownum as rnum from (select * from
		kboard order by indate DESC) sub) t
		where rnum between #{startNo} and #{endNo}
	</select>
	<select id="allcnt" resultType="int">
		select count(*) from kboard
	</select>
	
	<select id="selectTitle" parameterType="String"
	resultType="www.silver.vo.BoardVO">
		select * from kboard where num=#{title}
	</select>	
	<delete id="delone" 
	parameterType="String">
		delete from kboard where num=#{delno}
	</delete>
	<update id="update"
	parameterType="www.silver.vo.BoardVO">
		update kboard set 
		type=#{type}, pass=#{pass},
		content=#{content}, username= #{username},
		viewmember=#{viewmember} 
		where num=#{num}
	</update>
	<insert id="insertattach">
		insert into kboard_attach values(
		(select max(num) from kboard),#{fname},default)
	</insert>
	<select id="selectattach" resultType="String">
		select filename from kboard_attach where num = #{no}
	</select>
	
	
		
		
		
		
		
		
		
		
		
</mapper>

